"statename","year","BDRM1","BDRM2","Studio","MGR_all","state","homeless_total","homeless_individual","homeless_family","population","homeless_total_rate","homeless_individual_rate","homeless_family_rate"
"Alabama",2015,567,702,606,729,"AL",3970,2868,1102,4852347,0.08,0.06,0.02
"Alabama",2015,567,702,606,729,"AL",3970,2868,1102,4852347,0.08,0.06,0.02
"Alabama",2015,567,702,606,729,"AL",3970,2868,1102,4852347,0.08,0.06,0.02
"Alabama",2016,575,714,536,743,"AL",4111,3019,1092,4863525,0.08,0.06,0.02
"Alabama",2016,575,714,536,743,"AL",4111,3019,1092,4863525,0.08,0.06,0.02
"Alabama",2016,575,714,536,743,"AL",4111,3019,1092,4863525,0.08,0.06,0.02
"Alabama",2017,587,721,590,750,"AL",3793,2985,808,4874486,0.08,0.06,0.02
"Alabama",2017,587,721,590,750,"AL",3793,2985,808,4874486,0.08,0.06,0.02
"Alabama",2017,587,721,590,750,"AL",3793,2985,808,4874486,0.08,0.06,0.02
"Alabama",2018,605,752,586,788,"AL",3434,2570,864,4887681,0.07,0.05,0.02
"Alabama",2018,605,752,586,788,"AL",3434,2570,864,4887681,0.07,0.05,0.02
"Alabama",2018,605,752,586,788,"AL",3434,2570,864,4887681,0.07,0.05,0.02
"Alabama",2019,651,777,562,807,"AL",3261,2519,742,4903185,0.07,0.05,0.02
"Alabama",2019,651,777,562,807,"AL",3261,2519,742,4903185,0.07,0.05,0.02
"Alabama",2019,651,777,562,807,"AL",3261,2519,742,4903185,0.07,0.05,0.02
"Alaska",2015,892,1170,800,1163,"AK",1956,1342,614,737498,0.27,0.18,0.08
"Alaska",2015,892,1170,800,1163,"AK",1956,1342,614,737498,0.27,0.18,0.08
"Alaska",2015,892,1170,800,1163,"AK",1956,1342,614,737498,0.27,0.18,0.08
"Alaska",2016,936,1203,744,1208,"AK",1940,1527,413,741456,0.26,0.21,0.06
"Alaska",2016,936,1203,744,1208,"AK",1940,1527,413,741456,0.26,0.21,0.06
"Alaska",2016,936,1203,744,1208,"AK",1940,1527,413,741456,0.26,0.21,0.06
"Alaska",2017,853,1208,760,1201,"AK",1845,1354,491,739700,0.25,0.18,0.07
"Alaska",2017,853,1208,760,1201,"AK",1845,1354,491,739700,0.25,0.18,0.07
"Alaska",2017,853,1208,760,1201,"AK",1845,1354,491,739700,0.25,0.18,0.07
"Alaska",2018,897,1162,822,1177,"AK",2016,1434,582,735139,0.27,0.2,0.08
"Alaska",2018,897,1162,822,1177,"AK",2016,1434,582,735139,0.27,0.2,0.08
"Alaska",2018,897,1162,822,1177,"AK",2016,1434,582,735139,0.27,0.2,0.08
"Alaska",2019,881,1220,806,1201,"AK",1907,1384,523,731545,0.26,0.19,0.07
"Alaska",2019,881,1220,806,1201,"AK",1907,1384,523,731545,0.26,0.19,0.07
"Alaska",2019,881,1220,806,1201,"AK",1907,1384,523,731545,0.26,0.19,0.07
"Arizona",2015,715,880,652,933,"AZ",9896,6548,3348,6829676,0.14,0.1,0.05
"Arizona",2015,715,880,652,933,"AZ",9896,6548,3348,6829676,0.14,0.1,0.05
"Arizona",2015,715,880,652,933,"AZ",9896,6548,3348,6829676,0.14,0.1,0.05
"Arizona",2016,751,935,679,976,"AZ",9707,6659,3048,6941072,0.14,0.1,0.04
"Arizona",2016,751,935,679,976,"AZ",9707,6659,3048,6941072,0.14,0.1,0.04
"Arizona",2016,751,935,679,976,"AZ",9707,6659,3048,6941072,0.14,0.1,0.04
"Arizona",2017,804,965,802,1020,"AZ",8947,6488,2459,7044008,0.13,0.09,0.03
"Arizona",2017,804,965,802,1020,"AZ",8947,6488,2459,7044008,0.13,0.09,0.03
"Arizona",2017,804,965,802,1020,"AZ",8947,6488,2459,7044008,0.13,0.09,0.03
"Arizona",2018,842,1007,758,1036,"AZ",9865,7259,2606,7158024,0.14,0.1,0.04
"Arizona",2018,842,1007,758,1036,"AZ",9865,7259,2606,7158024,0.14,0.1,0.04
"Arizona",2018,842,1007,758,1036,"AZ",9865,7259,2606,7158024,0.14,0.1,0.04
"Arizona",2019,889,1083,788,1101,"AZ",10007,7538,2469,7278717,0.14,0.1,0.03
"Arizona",2019,889,1083,788,1101,"AZ",10007,7538,2469,7278717,0.14,0.1,0.03
"Arizona",2019,889,1083,788,1101,"AZ",10007,7538,2469,7278717,0.14,0.1,0.03
"Arkansas",2015,519,673,514,695,"AR",2560,1833,727,2978048,0.09,0.06,0.02
"Arkansas",2015,519,673,514,695,"AR",2560,1833,727,2978048,0.09,0.06,0.02
"Arkansas",2015,519,673,514,695,"AR",2560,1833,727,2978048,0.09,0.06,0.02
"Arkansas",2016,551,687,502,701,"AR",2463,1838,625,2989918,0.08,0.06,0.02
"Arkansas",2016,551,687,502,701,"AR",2463,1838,625,2989918,0.08,0.06,0.02
"Arkansas",2016,551,687,502,701,"AR",2463,1838,625,2989918,0.08,0.06,0.02
"Arkansas",2017,539,682,499,711,"AR",2467,2068,399,3001345,0.08,0.07,0.01
"Arkansas",2017,539,682,499,711,"AR",2467,2068,399,3001345,0.08,0.07,0.01
"Arkansas",2017,539,682,499,711,"AR",2467,2068,399,3001345,0.08,0.07,0.01
"Arkansas",2018,548,700,588,731,"AR",2712,2280,432,3009733,0.09,0.08,0.01
"Arkansas",2018,548,700,588,731,"AR",2712,2280,432,3009733,0.09,0.08,0.01
"Arkansas",2018,548,700,588,731,"AR",2712,2280,432,3009733,0.09,0.08,0.01
"Arkansas",2019,576,714,536,742,"AR",2717,2303,414,3017804,0.09,0.08,0.01
"Arkansas",2019,576,714,536,742,"AR",2717,2303,414,3017804,0.09,0.08,0.01
"Arkansas",2019,576,714,536,742,"AR",2717,2303,414,3017804,0.09,0.08,0.01
"California",2015,1105,1325,960,1311,"CA",115738,93156,22582,38918045,0.3,0.24,0.06
"California",2015,1105,1325,960,1311,"CA",115738,93156,22582,38918045,0.3,0.24,0.06
"California",2015,1105,1325,960,1311,"CA",115738,93156,22582,38918045,0.3,0.24,0.06
"California",2016,1151,1392,1022,1375,"CA",118142,97660,20482,39167117,0.3,0.25,0.05
"California",2016,1151,1392,1022,1375,"CA",118142,97660,20482,39167117,0.3,0.25,0.05
"California",2016,1151,1392,1022,1375,"CA",118142,97660,20482,39167117,0.3,0.25,0.05
"California",2017,1208,1480,1086,1447,"CA",131532,110260,21272,39358497,0.33,0.28,0.05
"California",2017,1208,1480,1086,1447,"CA",131532,110260,21272,39358497,0.33,0.28,0.05
"California",2017,1208,1480,1086,1447,"CA",131532,110260,21272,39358497,0.33,0.28,0.05
"California",2018,1291,1562,1150,1520,"CA",129972,109008,20964,39461588,0.33,0.28,0.05
"California",2018,1291,1562,1150,1520,"CA",129972,109008,20964,39461588,0.33,0.28,0.05
"California",2018,1291,1562,1150,1520,"CA",129972,109008,20964,39461588,0.33,0.28,0.05
"California",2019,1379,1655,1248,1614,"CA",151278,128777,22501,39512223,0.38,0.33,0.06
"California",2019,1379,1655,1248,1614,"CA",151278,128777,22501,39512223,0.38,0.33,0.06
"California",2019,1379,1655,1248,1614,"CA",151278,128777,22501,39512223,0.38,0.33,0.06
"Colorado",2015,910,1098,815,1111,"CO",9953,5729,4224,5450623,0.18,0.11,0.08
"Colorado",2015,910,1098,815,1111,"CO",9953,5729,4224,5450623,0.18,0.11,0.08
"Colorado",2015,910,1098,815,1111,"CO",9953,5729,4224,5450623,0.18,0.11,0.08
"Colorado",2016,973,1162,855,1171,"CO",10550,6450,4100,5539215,0.19,0.12,0.07
"Colorado",2016,973,1162,855,1171,"CO",10550,6450,4100,5539215,0.19,0.12,0.07
"Colorado",2016,973,1162,855,1171,"CO",10550,6450,4100,5539215,0.19,0.12,0.07
"Colorado",2017,1051,1238,947,1240,"CO",10940,7571,3369,5611885,0.19,0.13,0.06
"Colorado",2017,1051,1238,947,1240,"CO",10940,7571,3369,5611885,0.19,0.13,0.06
"Colorado",2017,1051,1238,947,1240,"CO",10940,7571,3369,5611885,0.19,0.13,0.06
"Colorado",2018,1119,1302,976,1289,"CO",10857,7607,3250,5691287,0.19,0.13,0.06
"Colorado",2018,1119,1302,976,1289,"CO",10857,7607,3250,5691287,0.19,0.13,0.06
"Colorado",2018,1119,1302,976,1289,"CO",10857,7607,3250,5691287,0.19,0.13,0.06
"Colorado",2019,1196,1391,1068,1369,"CO",9619,7263,2356,5758736,0.17,0.13,0.04
"Colorado",2019,1196,1391,1068,1369,"CO",9619,7263,2356,5758736,0.17,0.13,0.04
"Colorado",2019,1196,1391,1068,1369,"CO",9619,7263,2356,5758736,0.17,0.13,0.04
"Connecticut",2015,905,1151,740,1108,"CT",4047,2719,1328,3587122,0.11,0.08,0.04
"Connecticut",2015,905,1151,740,1108,"CT",4047,2719,1328,3587122,0.11,0.08,0.04
"Connecticut",2015,905,1151,740,1108,"CT",4047,2719,1328,3587122,0.11,0.08,0.04
"Connecticut",2016,927,1158,722,1115,"CT",3902,2570,1332,3578141,0.11,0.07,0.04
"Connecticut",2016,927,1158,722,1115,"CT",3902,2570,1332,3578141,0.11,0.07,0.04
"Connecticut",2016,927,1158,722,1115,"CT",3902,2570,1332,3578141,0.11,0.07,0.04
"Connecticut",2017,927,1188,780,1125,"CT",3388,2208,1180,3573297,0.09,0.06,0.03
"Connecticut",2017,927,1188,780,1125,"CT",3388,2208,1180,3573297,0.09,0.06,0.03
"Connecticut",2017,927,1188,780,1125,"CT",3388,2208,1180,3573297,0.09,0.06,0.03
"Connecticut",2018,951,1226,802,1171,"CT",3976,2280,1696,3571520,0.11,0.06,0.05
"Connecticut",2018,951,1226,802,1171,"CT",3976,2280,1696,3571520,0.11,0.06,0.05
"Connecticut",2018,951,1226,802,1171,"CT",3976,2280,1696,3571520,0.11,0.06,0.05
"Connecticut",2019,964,1233,846,1177,"CT",3033,2100,933,3565287,0.09,0.06,0.03
"Connecticut",2019,964,1233,846,1177,"CT",3033,2100,933,3565287,0.09,0.06,0.03
"Connecticut",2019,964,1233,846,1177,"CT",3033,2100,933,3565287,0.09,0.06,0.03
"Delaware",2015,827,1028,823,1049,"DE",953,602,351,941252,0.1,0.06,0.04
"Delaware",2015,827,1028,823,1049,"DE",953,602,351,941252,0.1,0.06,0.04
"Delaware",2015,827,1028,823,1049,"DE",953,602,351,941252,0.1,0.06,0.04
"Delaware",2016,860,1020,870,1048,"DE",1070,753,317,948921,0.11,0.08,0.03
"Delaware",2016,860,1020,870,1048,"DE",1070,753,317,948921,0.11,0.08,0.03
"Delaware",2016,860,1020,870,1048,"DE",1070,753,317,948921,0.11,0.08,0.03
"Delaware",2017,880,1099,842,1086,"DE",994,615,379,956823,0.1,0.06,0.04
"Delaware",2017,880,1099,842,1086,"DE",994,615,379,956823,0.1,0.06,0.04
"Delaware",2017,880,1099,842,1086,"DE",994,615,379,956823,0.1,0.06,0.04
"Delaware",2018,875,1093,864,1108,"DE",1082,708,374,965479,0.11,0.07,0.04
"Delaware",2018,875,1093,864,1108,"DE",1082,708,374,965479,0.11,0.07,0.04
"Delaware",2018,875,1093,864,1108,"DE",1082,708,374,965479,0.11,0.07,0.04
"Delaware",2019,932,1112,973,1116,"DE",921,565,356,973764,0.09,0.06,0.04
"Delaware",2019,932,1112,973,1116,"DE",921,565,356,973764,0.09,0.06,0.04
"Delaware",2019,932,1112,973,1116,"DE",921,565,356,973764,0.09,0.06,0.04
"District of Columbia",2015,1388,1347,1376,1417,"DC",7298,3821,3477,675400,1.08,0.57,0.51
"District of Columbia",2015,1388,1347,1376,1417,"DC",7298,3821,3477,675400,1.08,0.57,0.51
"District of Columbia",2015,1388,1347,1376,1417,"DC",7298,3821,3477,675400,1.08,0.57,0.51
"District of Columbia",2016,1326,1348,1358,1376,"DC",8350,3683,4667,685815,1.22,0.54,0.68
"District of Columbia",2016,1326,1348,1358,1376,"DC",8350,3683,4667,685815,1.22,0.54,0.68
"District of Columbia",2016,1326,1348,1358,1376,"DC",8350,3683,4667,685815,1.22,0.54,0.68
"District of Columbia",2017,1352,1566,1541,1499,"DC",7473,3583,3890,694906,1.08,0.52,0.56
"District of Columbia",2017,1352,1566,1541,1499,"DC",7473,3583,3890,694906,1.08,0.52,0.56
"District of Columbia",2017,1352,1566,1541,1499,"DC",7473,3583,3890,694906,1.08,0.52,0.56
"District of Columbia",2018,1504,1432,1514,1516,"DC",6904,3770,3134,701547,0.98,0.54,0.45
"District of Columbia",2018,1504,1432,1514,1516,"DC",6904,3770,3134,701547,0.98,0.54,0.45
"District of Columbia",2018,1504,1432,1514,1516,"DC",6904,3770,3134,701547,0.98,0.54,0.45
"District of Columbia",2019,1607,1594,1573,1603,"DC",6521,3875,2646,705749,0.92,0.55,0.37
"District of Columbia",2019,1607,1594,1573,1603,"DC",6521,3875,2646,705749,0.92,0.55,0.37
"District of Columbia",2019,1607,1594,1573,1603,"DC",6521,3875,2646,705749,0.92,0.55,0.37
"Florida",2015,845,1024,783,1046,"FL",35900,26325,9575,20209042,0.18,0.13,0.05
"Florida",2015,845,1024,783,1046,"FL",35900,26325,9575,20209042,0.18,0.13,0.05
"Florida",2015,845,1024,783,1046,"FL",35900,26325,9575,20209042,0.18,0.13,0.05
"Florida",2016,884,1073,840,1086,"FL",33559,24201,9358,20613477,0.16,0.12,0.05
"Florida",2016,884,1073,840,1086,"FL",33559,24201,9358,20613477,0.16,0.12,0.05
"Florida",2016,884,1073,840,1086,"FL",33559,24201,9358,20613477,0.16,0.12,0.05
"Florida",2017,938,1113,858,1128,"FL",32190,22768,9422,20963613,0.15,0.11,0.04
"Florida",2017,938,1113,858,1128,"FL",32190,22768,9422,20963613,0.15,0.11,0.04
"Florida",2017,938,1113,858,1128,"FL",32190,22768,9422,20963613,0.15,0.11,0.04
"Florida",2018,974,1176,931,1182,"FL",31030,21443,9587,21244317,0.15,0.1,0.05
"Florida",2018,974,1176,931,1182,"FL",31030,21443,9587,21244317,0.15,0.1,0.05
"Florida",2018,974,1176,931,1182,"FL",31030,21443,9587,21244317,0.15,0.1,0.05
"Florida",2019,1040,1240,1002,1238,"FL",28328,21265,7063,21477737,0.13,0.1,0.03
"Florida",2019,1040,1240,1002,1238,"FL",28328,21265,7063,21477737,0.13,0.1,0.03
"Florida",2019,1040,1240,1002,1238,"FL",28328,21265,7063,21477737,0.13,0.1,0.03
"Georgia",2015,785,852,753,909,"GA",13790,9702,4088,10178447,0.14,0.1,0.04
"Georgia",2015,785,852,753,909,"GA",13790,9702,4088,10178447,0.14,0.1,0.04
"Georgia",2015,785,852,753,909,"GA",13790,9702,4088,10178447,0.14,0.1,0.04
"Georgia",2016,823,871,722,933,"GA",12909,9265,3644,10301890,0.13,0.09,0.04
"Georgia",2016,823,871,722,933,"GA",12909,9265,3644,10301890,0.13,0.09,0.04
"Georgia",2016,823,871,722,933,"GA",12909,9265,3644,10301890,0.13,0.09,0.04
"Georgia",2017,859,887,761,958,"GA",10174,7422,2752,10410330,0.1,0.07,0.03
"Georgia",2017,859,887,761,958,"GA",10174,7422,2752,10410330,0.1,0.07,0.03
"Georgia",2017,859,887,761,958,"GA",10174,7422,2752,10410330,0.1,0.07,0.03
"Georgia",2018,917,940,853,1008,"GA",9499,6943,2556,10511131,0.09,0.07,0.02
"Georgia",2018,917,940,853,1008,"GA",9499,6943,2556,10511131,0.09,0.07,0.02
"Georgia",2018,917,940,853,1008,"GA",9499,6943,2556,10511131,0.09,0.07,0.02
"Georgia",2019,985,977,885,1049,"GA",10443,7913,2530,10617423,0.1,0.07,0.02
"Georgia",2019,985,977,885,1049,"GA",10443,7913,2530,10617423,0.1,0.07,0.02
"Georgia",2019,985,977,885,1049,"GA",10443,7913,2530,10617423,0.1,0.07,0.02
"Hawaii",2015,1173,1457,987,1500,"HI",7620,4307,3313,1422052,0.54,0.3,0.23
"Hawaii",2015,1173,1457,987,1500,"HI",7620,4307,3313,1422052,0.54,0.3,0.23
"Hawaii",2015,1173,1457,987,1500,"HI",7620,4307,3313,1422052,0.54,0.3,0.23
"Hawaii",2016,1143,1519,1061,1483,"HI",7921,4590,3331,1427559,0.55,0.32,0.23
"Hawaii",2016,1143,1519,1061,1483,"HI",7921,4590,3331,1427559,0.55,0.32,0.23
"Hawaii",2016,1143,1519,1061,1483,"HI",7921,4590,3331,1427559,0.55,0.32,0.23
"Hawaii",2017,1166,1598,1070,1573,"HI",7220,4535,2685,1424393,0.51,0.32,0.19
"Hawaii",2017,1166,1598,1070,1573,"HI",7220,4535,2685,1424393,0.51,0.32,0.19
"Hawaii",2017,1166,1598,1070,1573,"HI",7220,4535,2685,1424393,0.51,0.32,0.19
"Hawaii",2018,1186,1614,1016,1613,"HI",6530,4131,2399,1420593,0.46,0.29,0.17
"Hawaii",2018,1186,1614,1016,1613,"HI",6530,4131,2399,1420593,0.46,0.29,0.17
"Hawaii",2018,1186,1614,1016,1613,"HI",6530,4131,2399,1420593,0.46,0.29,0.17
"Hawaii",2019,1211,1719,1078,1651,"HI",6412,4420,1992,1415872,0.45,0.31,0.14
"Hawaii",2019,1211,1719,1078,1651,"HI",6412,4420,1992,1415872,0.45,0.31,0.14
"Hawaii",2019,1211,1719,1078,1651,"HI",6412,4420,1992,1415872,0.45,0.31,0.14
"Idaho",2015,572,720,515,770,"ID",1966,1172,794,1651059,0.12,0.07,0.05
"Idaho",2015,572,720,515,770,"ID",1966,1172,794,1651059,0.12,0.07,0.05
"Idaho",2015,572,720,515,770,"ID",1966,1172,794,1651059,0.12,0.07,0.05
"Idaho",2016,575,740,570,790,"ID",2247,1284,963,1682380,0.13,0.08,0.06
"Idaho",2016,575,740,570,790,"ID",2247,1284,963,1682380,0.13,0.08,0.06
"Idaho",2016,575,740,570,790,"ID",2247,1284,963,1682380,0.13,0.08,0.06
"Idaho",2017,603,769,605,822,"ID",2037,1309,728,1717715,0.12,0.08,0.04
"Idaho",2017,603,769,605,822,"ID",2037,1309,728,1717715,0.12,0.08,0.04
"Idaho",2017,603,769,605,822,"ID",2037,1309,728,1717715,0.12,0.08,0.04
"Idaho",2018,620,814,599,848,"ID",2012,1297,715,1750536,0.11,0.07,0.04
"Idaho",2018,620,814,599,848,"ID",2012,1297,715,1750536,0.11,0.07,0.04
"Idaho",2018,620,814,599,848,"ID",2012,1297,715,1750536,0.11,0.07,0.04
"Idaho",2019,681,843,625,880,"ID",2315,1516,799,1787065,0.13,0.08,0.04
"Idaho",2019,681,843,625,880,"ID",2315,1516,799,1787065,0.13,0.08,0.04
"Idaho",2019,681,843,625,880,"ID",2315,1516,799,1787065,0.13,0.08,0.04
"Illinois",2015,802,945,753,936,"IL",13177,8152,5025,12858913,0.1,0.06,0.04
"Illinois",2015,802,945,753,936,"IL",13177,8152,5025,12858913,0.1,0.06,0.04
"Illinois",2015,802,945,753,936,"IL",13177,8152,5025,12858913,0.1,0.06,0.04
"Illinois",2016,833,952,786,950,"IL",11590,6986,4604,12820527,0.09,0.05,0.04
"Illinois",2016,833,952,786,950,"IL",11590,6986,4604,12820527,0.09,0.05,0.04
"Illinois",2016,833,952,786,950,"IL",11590,6986,4604,12820527,0.09,0.05,0.04
"Illinois",2017,851,977,801,974,"IL",10798,6894,3904,12778828,0.08,0.05,0.03
"Illinois",2017,851,977,801,974,"IL",10798,6894,3904,12778828,0.08,0.05,0.03
"Illinois",2017,851,977,801,974,"IL",10798,6894,3904,12778828,0.08,0.05,0.03
"Illinois",2018,860,1000,842,995,"IL",10643,6752,3891,12723071,0.08,0.05,0.03
"Illinois",2018,860,1000,842,995,"IL",10643,6752,3891,12723071,0.08,0.05,0.03
"Illinois",2018,860,1000,842,995,"IL",10643,6752,3891,12723071,0.08,0.05,0.03
"Illinois",2019,894,1023,855,1020,"IL",10199,6513,3686,12671821,0.08,0.05,0.03
"Illinois",2019,894,1023,855,1020,"IL",10199,6513,3686,12671821,0.08,0.05,0.03
"Illinois",2019,894,1023,855,1020,"IL",10199,6513,3686,12671821,0.08,0.05,0.03
"Indiana",2015,607,769,578,758,"IN",5863,3914,1949,6608422,0.09,0.06,0.03
"Indiana",2015,607,769,578,758,"IN",5863,3914,1949,6608422,0.09,0.06,0.03
"Indiana",2015,607,769,578,758,"IN",5863,3914,1949,6608422,0.09,0.06,0.03
"Indiana",2016,616,775,570,768,"IN",5798,3824,1974,6634304,0.09,0.06,0.03
"Indiana",2016,616,775,570,768,"IN",5798,3824,1974,6634304,0.09,0.06,0.03
"Indiana",2016,616,775,570,768,"IN",5798,3824,1974,6634304,0.09,0.06,0.03
"Indiana",2017,647,803,590,793,"IN",5438,3623,1815,6658078,0.08,0.05,0.03
"Indiana",2017,647,803,590,793,"IN",5438,3623,1815,6658078,0.08,0.05,0.03
"Indiana",2017,647,803,590,793,"IN",5438,3623,1815,6658078,0.08,0.05,0.03
"Indiana",2018,677,827,627,820,"IN",5258,3776,1482,6695497,0.08,0.06,0.02
"Indiana",2018,677,827,627,820,"IN",5258,3776,1482,6695497,0.08,0.06,0.02
"Indiana",2018,677,827,627,820,"IN",5258,3776,1482,6695497,0.08,0.06,0.02
"Indiana",2019,685,843,661,840,"IN",5471,3783,1688,6732219,0.08,0.06,0.03
"Indiana",2019,685,843,661,840,"IN",5471,3783,1688,6732219,0.08,0.06,0.03
"Indiana",2019,685,843,661,840,"IN",5471,3783,1688,6732219,0.08,0.06,0.03
"Iowa",2015,556,741,543,718,"IA",3081,1501,1580,3120960,0.1,0.05,0.05
"Iowa",2015,556,741,543,718,"IA",3081,1501,1580,3120960,0.1,0.05,0.05
"Iowa",2015,556,741,543,718,"IA",3081,1501,1580,3120960,0.1,0.05,0.05
"Iowa",2016,580,759,582,741,"IA",3064,1543,1521,3131371,0.1,0.05,0.05
"Iowa",2016,580,759,582,741,"IA",3064,1543,1521,3131371,0.1,0.05,0.05
"Iowa",2016,580,759,582,741,"IA",3064,1543,1521,3131371,0.1,0.05,0.05
"Iowa",2017,592,771,562,760,"IA",2756,1500,1256,3141550,0.09,0.05,0.04
"Iowa",2017,592,771,562,760,"IA",2756,1500,1256,3141550,0.09,0.05,0.04
"Iowa",2017,592,771,562,760,"IA",2756,1500,1256,3141550,0.09,0.05,0.04
"Iowa",2018,604,797,631,777,"IA",2749,1711,1038,3148618,0.09,0.05,0.03
"Iowa",2018,604,797,631,777,"IA",2749,1711,1038,3148618,0.09,0.05,0.03
"Iowa",2018,604,797,631,777,"IA",2749,1711,1038,3148618,0.09,0.05,0.03
"Iowa",2019,620,826,568,808,"IA",2315,1574,741,3155070,0.07,0.05,0.02
"Iowa",2019,620,826,568,808,"IA",2315,1574,741,3155070,0.07,0.05,0.02
"Iowa",2019,620,826,568,808,"IA",2315,1574,741,3155070,0.07,0.05,0.02
"Kansas",2015,584,776,593,782,"KS",2588,1466,1122,2909011,0.09,0.05,0.04
"Kansas",2015,584,776,593,782,"KS",2588,1466,1122,2909011,0.09,0.05,0.04
"Kansas",2015,584,776,593,782,"KS",2588,1466,1122,2909011,0.09,0.05,0.04
"Kansas",2016,623,780,589,789,"KS",2255,1228,1027,2910844,0.08,0.04,0.04
"Kansas",2016,623,780,589,789,"KS",2255,1228,1027,2910844,0.08,0.04,0.04
"Kansas",2016,623,780,589,789,"KS",2255,1228,1027,2910844,0.08,0.04,0.04
"Kansas",2017,652,822,617,815,"KS",2287,1423,864,2908718,0.08,0.05,0.03
"Kansas",2017,652,822,617,815,"KS",2287,1423,864,2908718,0.08,0.05,0.03
"Kansas",2017,652,822,617,815,"KS",2287,1423,864,2908718,0.08,0.05,0.03
"Kansas",2018,657,836,707,840,"KS",2216,1443,773,2911359,0.08,0.05,0.03
"Kansas",2018,657,836,707,840,"KS",2216,1443,773,2911359,0.08,0.05,0.03
"Kansas",2018,657,836,707,840,"KS",2216,1443,773,2911359,0.08,0.05,0.03
"Kansas",2019,682,837,651,862,"KS",2381,1742,639,2913314,0.08,0.06,0.02
"Kansas",2019,682,837,651,862,"KS",2381,1742,639,2913314,0.08,0.06,0.02
"Kansas",2019,682,837,651,862,"KS",2381,1742,639,2913314,0.08,0.06,0.02
"Kentucky",2015,558,690,508,702,"KY",4538,3151,1387,4425976,0.1,0.07,0.03
"Kentucky",2015,558,690,508,702,"KY",4538,3151,1387,4425976,0.1,0.07,0.03
"Kentucky",2015,558,690,508,702,"KY",4538,3151,1387,4425976,0.1,0.07,0.03
"Kentucky",2016,560,696,500,707,"KY",4237,2949,1288,4438182,0.1,0.07,0.03
"Kentucky",2016,560,696,500,707,"KY",4237,2949,1288,4438182,0.1,0.07,0.03
"Kentucky",2016,560,696,500,707,"KY",4237,2949,1288,4438182,0.1,0.07,0.03
"Kentucky",2017,578,703,507,724,"KY",4025,3032,993,4452268,0.09,0.07,0.02
"Kentucky",2017,578,703,507,724,"KY",4025,3032,993,4452268,0.09,0.07,0.02
"Kentucky",2017,578,703,507,724,"KY",4025,3032,993,4452268,0.09,0.07,0.02
"Kentucky",2018,616,772,575,779,"KY",3688,2735,953,4461153,0.08,0.06,0.02
"Kentucky",2018,616,772,575,779,"KY",3688,2735,953,4461153,0.08,0.06,0.02
"Kentucky",2018,616,772,575,779,"KY",3688,2735,953,4461153,0.08,0.06,0.02
"Kentucky",2019,652,760,574,773,"KY",4079,3073,1006,4467673,0.09,0.07,0.02
"Kentucky",2019,652,760,574,773,"KY",4079,3073,1006,4467673,0.09,0.07,0.02
"Kentucky",2019,652,760,574,773,"KY",4079,3073,1006,4467673,0.09,0.07,0.02
"Louisiana",2015,678,789,653,800,"LA",4081,3217,864,4664628,0.09,0.07,0.02
"Louisiana",2015,678,789,653,800,"LA",4081,3217,864,4664628,0.09,0.07,0.02
"Louisiana",2015,678,789,653,800,"LA",4081,3217,864,4664628,0.09,0.07,0.02
"Louisiana",2016,681,802,632,808,"LA",3994,3176,818,4678135,0.09,0.07,0.02
"Louisiana",2016,681,802,632,808,"LA",3994,3176,818,4678135,0.09,0.07,0.02
"Louisiana",2016,681,802,632,808,"LA",3994,3176,818,4678135,0.09,0.07,0.02
"Louisiana",2017,700,821,587,836,"LA",3305,2559,746,4670560,0.07,0.05,0.02
"Louisiana",2017,700,821,587,836,"LA",3305,2559,746,4670560,0.07,0.05,0.02
"Louisiana",2017,700,821,587,836,"LA",3305,2559,746,4670560,0.07,0.05,0.02
"Louisiana",2018,732,844,614,854,"LA",3059,2540,519,4659690,0.07,0.05,0.01
"Louisiana",2018,732,844,614,854,"LA",3059,2540,519,4659690,0.07,0.05,0.01
"Louisiana",2018,732,844,614,854,"LA",3059,2540,519,4659690,0.07,0.05,0.01
"Louisiana",2019,742,863,710,866,"LA",2941,2416,525,4648794,0.06,0.05,0.01
"Louisiana",2019,742,863,710,866,"LA",2941,2416,525,4648794,0.06,0.05,0.01
"Louisiana",2019,742,863,710,866,"LA",2941,2416,525,4648794,0.06,0.05,0.01
"Maine",2015,619,859,665,792,"ME",2372,1219,1153,1328262,0.18,0.09,0.09
"Maine",2015,619,859,665,792,"ME",2372,1219,1153,1328262,0.18,0.09,0.09
"Maine",2015,619,859,665,792,"ME",2372,1219,1153,1328262,0.18,0.09,0.09
"Maine",2016,632,866,594,797,"ME",2241,1321,920,1331317,0.17,0.1,0.07
"Maine",2016,632,866,594,797,"ME",2241,1321,920,1331317,0.17,0.1,0.07
"Maine",2016,632,866,594,797,"ME",2241,1321,920,1331317,0.17,0.1,0.07
"Maine",2017,647,868,529,806,"ME",2280,1352,928,1334612,0.17,0.1,0.07
"Maine",2017,647,868,529,806,"ME",2280,1352,928,1334612,0.17,0.1,0.07
"Maine",2017,647,868,529,806,"ME",2280,1352,928,1334612,0.17,0.1,0.07
"Maine",2018,693,903,623,839,"ME",2516,1450,1066,1339057,0.19,0.11,0.08
"Maine",2018,693,903,623,839,"ME",2516,1450,1066,1339057,0.19,0.11,0.08
"Maine",2018,693,903,623,839,"ME",2516,1450,1066,1339057,0.19,0.11,0.08
"Maine",2019,673,909,727,870,"ME",2106,1232,874,1344212,0.16,0.09,0.07
"Maine",2019,673,909,727,870,"ME",2106,1232,874,1344212,0.16,0.09,0.07
"Maine",2019,673,909,727,870,"ME",2106,1232,874,1344212,0.16,0.09,0.07
"Maryland",2015,1025,1310,904,1278,"MD",8390,5383,3007,5985562,0.14,0.09,0.05
"Maryland",2015,1025,1310,904,1278,"MD",8390,5383,3007,5985562,0.14,0.09,0.05
"Maryland",2015,1025,1310,904,1278,"MD",8390,5383,3007,5985562,0.14,0.09,0.05
"Maryland",2016,1079,1321,993,1314,"MD",7689,4983,2706,6003323,0.13,0.08,0.05
"Maryland",2016,1079,1321,993,1314,"MD",7689,4983,2706,6003323,0.13,0.08,0.05
"Maryland",2016,1079,1321,993,1314,"MD",7689,4983,2706,6003323,0.13,0.08,0.05
"Maryland",2017,1118,1355,1011,1337,"MD",7247,5077,2170,6023868,0.12,0.08,0.04
"Maryland",2017,1118,1355,1011,1337,"MD",7247,5077,2170,6023868,0.12,0.08,0.04
"Maryland",2017,1118,1355,1011,1337,"MD",7247,5077,2170,6023868,0.12,0.08,0.04
"Maryland",2018,1143,1392,1077,1371,"MD",7144,4914,2230,6035802,0.12,0.08,0.04
"Maryland",2018,1143,1392,1077,1371,"MD",7144,4914,2230,6035802,0.12,0.08,0.04
"Maryland",2018,1143,1392,1077,1371,"MD",7144,4914,2230,6035802,0.12,0.08,0.04
"Maryland",2019,1180,1424,1062,1401,"MD",6561,4652,1909,6045680,0.11,0.08,0.03
"Maryland",2019,1180,1424,1062,1401,"MD",6561,4652,1909,6045680,0.11,0.08,0.03
"Maryland",2019,1180,1424,1062,1401,"MD",6561,4652,1909,6045680,0.11,0.08,0.03
"Massachusetts",2015,920,1234,910,1164,"MA",21135,6378,14757,6794228,0.31,0.09,0.22
"Massachusetts",2015,920,1234,910,1164,"MA",21135,6378,14757,6794228,0.31,0.09,0.22
"Massachusetts",2015,920,1234,910,1164,"MA",21135,6378,14757,6794228,0.31,0.09,0.22
"Massachusetts",2016,966,1273,817,1179,"MA",19608,6434,13174,6823608,0.29,0.09,0.19
"Massachusetts",2016,966,1273,817,1179,"MA",19608,6434,13174,6823608,0.29,0.09,0.19
"Massachusetts",2016,966,1273,817,1179,"MA",19608,6434,13174,6823608,0.29,0.09,0.19
"Massachusetts",2017,981,1292,928,1208,"MA",17565,6267,11298,6859789,0.26,0.09,0.16
"Massachusetts",2017,981,1292,928,1208,"MA",17565,6267,11298,6859789,0.26,0.09,0.16
"Massachusetts",2017,981,1292,928,1208,"MA",17565,6267,11298,6859789,0.26,0.09,0.16
"Massachusetts",2018,1019,1381,917,1295,"MA",20068,6811,13257,6882635,0.29,0.1,0.19
"Massachusetts",2018,1019,1381,917,1295,"MA",20068,6811,13257,6882635,0.29,0.1,0.19
"Massachusetts",2018,1019,1381,917,1295,"MA",20068,6811,13257,6882635,0.29,0.1,0.19
"Massachusetts",2019,1086,1477,1100,1360,"MA",18471,6259,12212,6892503,0.27,0.09,0.18
"Massachusetts",2019,1086,1477,1100,1360,"MA",18471,6259,12212,6892503,0.27,0.09,0.18
"Massachusetts",2019,1086,1477,1100,1360,"MA",18471,6259,12212,6892503,0.27,0.09,0.18
"Michigan",2015,635,819,616,803,"MI",10516,6546,3970,9931715,0.11,0.07,0.04
"Michigan",2015,635,819,616,803,"MI",10516,6546,3970,9931715,0.11,0.07,0.04
"Michigan",2015,635,819,616,803,"MI",10516,6546,3970,9931715,0.11,0.07,0.04
"Michigan",2016,646,833,638,818,"MI",9316,5803,3513,9950571,0.09,0.06,0.04
"Michigan",2016,646,833,638,818,"MI",9316,5803,3513,9950571,0.09,0.06,0.04
"Michigan",2016,646,833,638,818,"MI",9316,5803,3513,9950571,0.09,0.06,0.04
"Michigan",2017,667,846,633,835,"MI",9051,5628,3423,9973114,0.09,0.06,0.03
"Michigan",2017,667,846,633,835,"MI",9051,5628,3423,9973114,0.09,0.06,0.03
"Michigan",2017,667,846,633,835,"MI",9051,5628,3423,9973114,0.09,0.06,0.03
"Michigan",2018,682,881,686,861,"MI",8351,5209,3142,9984072,0.08,0.05,0.03
"Michigan",2018,682,881,686,861,"MI",8351,5209,3142,9984072,0.08,0.05,0.03
"Michigan",2018,682,881,686,861,"MI",8351,5209,3142,9984072,0.08,0.05,0.03
"Michigan",2019,713,906,674,888,"MI",8575,5212,3363,9986857,0.09,0.05,0.03
"Michigan",2019,713,906,674,888,"MI",8575,5212,3363,9986857,0.09,0.05,0.03
"Michigan",2019,713,906,674,888,"MI",8575,5212,3363,9986857,0.09,0.05,0.03
"Minnesota",2015,747,945,709,888,"MN",7546,3622,3924,5482032,0.14,0.07,0.07
"Minnesota",2015,747,945,709,888,"MN",7546,3622,3924,5482032,0.14,0.07,0.07
"Minnesota",2015,747,945,709,888,"MN",7546,3622,3924,5482032,0.14,0.07,0.07
"Minnesota",2016,792,956,699,912,"MN",7341,3669,3672,5522744,0.13,0.07,0.07
"Minnesota",2016,792,956,699,912,"MN",7341,3669,3672,5522744,0.13,0.07,0.07
"Minnesota",2016,792,956,699,912,"MN",7341,3669,3672,5522744,0.13,0.07,0.07
"Minnesota",2017,817,994,728,939,"MN",7668,3899,3769,5566230,0.14,0.07,0.07
"Minnesota",2017,817,994,728,939,"MN",7668,3899,3769,5566230,0.14,0.07,0.07
"Minnesota",2017,817,994,728,939,"MN",7668,3899,3769,5566230,0.14,0.07,0.07
"Minnesota",2018,854,1033,780,969,"MN",7243,3993,3250,5606249,0.13,0.07,0.06
"Minnesota",2018,854,1033,780,969,"MN",7243,3993,3250,5606249,0.13,0.07,0.06
"Minnesota",2018,854,1033,780,969,"MN",7243,3993,3250,5606249,0.13,0.07,0.06
"Minnesota",2019,902,1082,831,1016,"MN",7977,4586,3391,5639632,0.14,0.08,0.06
"Minnesota",2019,902,1082,831,1016,"MN",7977,4586,3391,5639632,0.14,0.08,0.06
"Minnesota",2019,902,1082,831,1016,"MN",7977,4586,3391,5639632,0.14,0.08,0.06
"Mississippi",2015,560,693,528,724,"MS",1983,1475,508,2988471,0.07,0.05,0.02
"Mississippi",2015,560,693,528,724,"MS",1983,1475,508,2988471,0.07,0.05,0.02
"Mississippi",2015,560,693,528,724,"MS",1983,1475,508,2988471,0.07,0.05,0.02
"Mississippi",2016,589,687,545,728,"MS",1738,1299,439,2987938,0.06,0.04,0.01
"Mississippi",2016,589,687,545,728,"MS",1738,1299,439,2987938,0.06,0.04,0.01
"Mississippi",2016,589,687,545,728,"MS",1738,1299,439,2987938,0.06,0.04,0.01
"Mississippi",2017,564,703,550,742,"MS",1472,1100,372,2988510,0.05,0.04,0.01
"Mississippi",2017,564,703,550,742,"MS",1472,1100,372,2988510,0.05,0.04,0.01
"Mississippi",2017,564,703,550,742,"MS",1472,1100,372,2988510,0.05,0.04,0.01
"Mississippi",2018,613,743,570,777,"MS",1352,1024,328,2981020,0.05,0.03,0.01
"Mississippi",2018,613,743,570,777,"MS",1352,1024,328,2981020,0.05,0.03,0.01
"Mississippi",2018,613,743,570,777,"MS",1352,1024,328,2981020,0.05,0.03,0.01
"Mississippi",2019,613,747,598,777,"MS",1184,963,221,2976149,0.04,0.03,0.01
"Mississippi",2019,613,747,598,777,"MS",1184,963,221,2976149,0.04,0.03,0.01
"Mississippi",2019,613,747,598,777,"MS",1184,963,221,2976149,0.04,0.03,0.01
"Missouri",2015,600,757,555,763,"MO",6482,3434,3048,6071732,0.11,0.06,0.05
"Missouri",2015,600,757,555,763,"MO",6482,3434,3048,6071732,0.11,0.06,0.05
"Missouri",2015,600,757,555,763,"MO",6482,3434,3048,6071732,0.11,0.06,0.05
"Missouri",2016,611,765,580,771,"MO",6194,3810,2384,6087135,0.1,0.06,0.04
"Missouri",2016,611,765,580,771,"MO",6194,3810,2384,6087135,0.1,0.06,0.04
"Missouri",2016,611,765,580,771,"MO",6194,3810,2384,6087135,0.1,0.06,0.04
"Missouri",2017,636,789,622,800,"MO",6037,3768,2269,6106670,0.1,0.06,0.04
"Missouri",2017,636,789,622,800,"MO",6037,3768,2269,6106670,0.1,0.06,0.04
"Missouri",2017,636,789,622,800,"MO",6037,3768,2269,6106670,0.1,0.06,0.04
"Missouri",2018,661,819,691,830,"MO",5883,3776,2107,6121623,0.1,0.06,0.03
"Missouri",2018,661,819,691,830,"MO",5883,3776,2107,6121623,0.1,0.06,0.03
"Missouri",2018,661,819,691,830,"MO",5883,3776,2107,6121623,0.1,0.06,0.03
"Missouri",2019,683,829,687,834,"MO",6179,4173,2006,6137428,0.1,0.07,0.03
"Missouri",2019,683,829,687,834,"MO",6179,4173,2006,6137428,0.1,0.07,0.03
"Missouri",2019,683,829,687,834,"MO",6179,4173,2006,6137428,0.1,0.07,0.03
"Montana",2015,558,768,515,763,"MT",1709,1127,582,1030475,0.17,0.11,0.06
"Montana",2015,558,768,515,763,"MT",1709,1127,582,1030475,0.17,0.11,0.06
"Montana",2015,558,768,515,763,"MT",1709,1127,582,1030475,0.17,0.11,0.06
"Montana",2016,566,761,498,741,"MT",1418,844,574,1040859,0.14,0.08,0.06
"Montana",2016,566,761,498,741,"MT",1418,844,574,1040859,0.14,0.08,0.06
"Montana",2016,566,761,498,741,"MT",1418,844,574,1040859,0.14,0.08,0.06
"Montana",2017,623,781,577,759,"MT",1529,987,542,1052482,0.15,0.09,0.05
"Montana",2017,623,781,577,759,"MT",1529,987,542,1052482,0.15,0.09,0.05
"Montana",2017,623,781,577,759,"MT",1529,987,542,1052482,0.15,0.09,0.05
"Montana",2018,620,830,607,811,"MT",1405,983,422,1060665,0.13,0.09,0.04
"Montana",2018,620,830,607,811,"MT",1405,983,422,1060665,0.13,0.09,0.04
"Montana",2018,620,830,607,811,"MT",1405,983,422,1060665,0.13,0.09,0.04
"Montana",2019,660,849,590,831,"MT",1357,947,410,1068778,0.13,0.09,0.04
"Montana",2019,660,849,590,831,"MT",1357,947,410,1068778,0.13,0.09,0.04
"Montana",2019,660,849,590,831,"MT",1357,947,410,1068778,0.13,0.09,0.04
"Nebraska",2015,625,760,600,750,"NE",2744,1720,1024,1891277,0.15,0.09,0.05
"Nebraska",2015,625,760,600,750,"NE",2744,1720,1024,1891277,0.15,0.09,0.05
"Nebraska",2015,625,760,600,750,"NE",2744,1720,1024,1891277,0.15,0.09,0.05
"Nebraska",2016,635,773,569,769,"NE",2754,1880,874,1905616,0.14,0.1,0.05
"Nebraska",2016,635,773,569,769,"NE",2754,1880,874,1905616,0.14,0.1,0.05
"Nebraska",2016,635,773,569,769,"NE",2754,1880,874,1905616,0.14,0.1,0.05
"Nebraska",2017,657,812,548,801,"NE",2501,1698,803,1915947,0.13,0.09,0.04
"Nebraska",2017,657,812,548,801,"NE",2501,1698,803,1915947,0.13,0.09,0.04
"Nebraska",2017,657,812,548,801,"NE",2501,1698,803,1915947,0.13,0.09,0.04
"Nebraska",2018,703,847,734,830,"NE",2421,1745,676,1925614,0.13,0.09,0.04
"Nebraska",2018,703,847,734,830,"NE",2421,1745,676,1925614,0.13,0.09,0.04
"Nebraska",2018,703,847,734,830,"NE",2421,1745,676,1925614,0.13,0.09,0.04
"Nebraska",2019,737,850,727,859,"NE",2365,1715,650,1934408,0.12,0.09,0.03
"Nebraska",2019,737,850,727,859,"NE",2365,1715,650,1934408,0.12,0.09,0.03
"Nebraska",2019,737,850,727,859,"NE",2365,1715,650,1934408,0.12,0.09,0.03
"Nevada",2015,740,922,622,980,"NV",8743,7858,885,2866939,0.3,0.27,0.03
"Nevada",2015,740,922,622,980,"NV",8743,7858,885,2866939,0.3,0.27,0.03
"Nevada",2015,740,922,622,980,"NV",8743,7858,885,2866939,0.3,0.27,0.03
"Nevada",2016,757,928,618,1003,"NV",7398,6853,545,2917563,0.25,0.23,0.02
"Nevada",2016,757,928,618,1003,"NV",7398,6853,545,2917563,0.25,0.23,0.02
"Nevada",2016,757,928,618,1003,"NV",7398,6853,545,2917563,0.25,0.23,0.02
"Nevada",2017,832,978,716,1051,"NV",7833,7281,552,2969905,0.26,0.25,0.02
"Nevada",2017,832,978,716,1051,"NV",7833,7281,552,2969905,0.26,0.25,0.02
"Nevada",2017,832,978,716,1051,"NV",7833,7281,552,2969905,0.26,0.25,0.02
"Nevada",2018,885,1049,763,1108,"NV",7544,7058,486,3027341,0.25,0.23,0.02
"Nevada",2018,885,1049,763,1108,"NV",7544,7058,486,3027341,0.25,0.23,0.02
"Nevada",2018,885,1049,763,1108,"NV",7544,7058,486,3027341,0.25,0.23,0.02
"Nevada",2019,937,1107,796,1168,"NV",7169,6614,555,3080156,0.23,0.21,0.02
"Nevada",2019,937,1107,796,1168,"NV",7169,6614,555,3080156,0.23,0.21,0.02
"Nevada",2019,937,1107,796,1168,"NV",7169,6614,555,3080156,0.23,0.21,0.02
"New Hampshire",2015,801,1105,718,1017,"NH",1445,778,667,1336350,0.11,0.06,0.05
"New Hampshire",2015,801,1105,718,1017,"NH",1445,778,667,1336350,0.11,0.06,0.05
"New Hampshire",2015,801,1105,718,1017,"NH",1445,778,667,1336350,0.11,0.06,0.05
"New Hampshire",2016,842,1094,740,1026,"NH",1366,827,539,1342307,0.1,0.06,0.04
"New Hampshire",2016,842,1094,740,1026,"NH",1366,827,539,1342307,0.1,0.06,0.04
"New Hampshire",2016,842,1094,740,1026,"NH",1366,827,539,1342307,0.1,0.06,0.04
"New Hampshire",2017,849,1147,695,1072,"NH",1456,776,680,1348787,0.11,0.06,0.05
"New Hampshire",2017,849,1147,695,1072,"NH",1456,776,680,1348787,0.11,0.06,0.05
"New Hampshire",2017,849,1147,695,1072,"NH",1456,776,680,1348787,0.11,0.06,0.05
"New Hampshire",2018,854,1189,765,1090,"NH",1450,835,615,1353465,0.11,0.06,0.05
"New Hampshire",2018,854,1189,765,1090,"NH",1450,835,615,1353465,0.11,0.06,0.05
"New Hampshire",2018,854,1189,765,1090,"NH",1450,835,615,1353465,0.11,0.06,0.05
"New Hampshire",2019,900,1273,756,1147,"NH",1396,812,584,1359711,0.1,0.06,0.04
"New Hampshire",2019,900,1273,756,1147,"NH",1396,812,584,1359711,0.1,0.06,0.04
"New Hampshire",2019,900,1273,756,1147,"NH",1396,812,584,1359711,0.1,0.06,0.04
"New Jersey",2015,1024,1287,855,1214,"NJ",10098,6189,3909,8867949,0.11,0.07,0.04
"New Jersey",2015,1024,1287,855,1214,"NJ",10098,6189,3909,8867949,0.11,0.07,0.04
"New Jersey",2015,1024,1287,855,1214,"NJ",10098,6189,3909,8867949,0.11,0.07,0.04
"New Jersey",2016,1057,1318,874,1244,"NJ",8895,5540,3355,8870827,0.1,0.06,0.04
"New Jersey",2016,1057,1318,874,1244,"NJ",8895,5540,3355,8870827,0.1,0.06,0.04
"New Jersey",2016,1057,1318,874,1244,"NJ",8895,5540,3355,8870827,0.1,0.06,0.04
"New Jersey",2017,1092,1346,953,1284,"NJ",8536,5433,3103,8885525,0.1,0.06,0.03
"New Jersey",2017,1092,1346,953,1284,"NJ",8536,5433,3103,8885525,0.1,0.06,0.03
"New Jersey",2017,1092,1346,953,1284,"NJ",8536,5433,3103,8885525,0.1,0.06,0.03
"New Jersey",2018,1136,1418,979,1336,"NJ",9398,6048,3350,8886025,0.11,0.07,0.04
"New Jersey",2018,1136,1418,979,1336,"NJ",9398,6048,3350,8886025,0.11,0.07,0.04
"New Jersey",2018,1136,1418,979,1336,"NJ",9398,6048,3350,8886025,0.11,0.07,0.04
"New Jersey",2019,1181,1443,1059,1376,"NJ",8862,5895,2967,8882190,0.1,0.07,0.03
"New Jersey",2019,1181,1443,1059,1376,"NJ",8862,5895,2967,8882190,0.1,0.07,0.03
"New Jersey",2019,1181,1443,1059,1376,"NJ",8862,5895,2967,8882190,0.1,0.07,0.03
"New Mexico",2015,627,745,548,783,"NM",2629,1666,963,2089291,0.13,0.08,0.05
"New Mexico",2015,627,745,548,783,"NM",2629,1666,963,2089291,0.13,0.08,0.05
"New Mexico",2015,627,745,548,783,"NM",2629,1666,963,2089291,0.13,0.08,0.05
"New Mexico",2016,643,782,565,804,"NM",2263,1556,707,2091630,0.11,0.07,0.03
"New Mexico",2016,643,782,565,804,"NM",2263,1556,707,2091630,0.11,0.07,0.03
"New Mexico",2016,643,782,565,804,"NM",2263,1556,707,2091630,0.11,0.07,0.03
"New Mexico",2017,658,780,565,813,"NM",2482,1865,617,2091784,0.12,0.09,0.03
"New Mexico",2017,658,780,565,813,"NM",2482,1865,617,2091784,0.12,0.09,0.03
"New Mexico",2017,658,780,565,813,"NM",2482,1865,617,2091784,0.12,0.09,0.03
"New Mexico",2018,647,806,598,830,"NM",2551,1949,602,2092741,0.12,0.09,0.03
"New Mexico",2018,647,806,598,830,"NM",2551,1949,602,2092741,0.12,0.09,0.03
"New Mexico",2018,647,806,598,830,"NM",2551,1949,602,2092741,0.12,0.09,0.03
"New Mexico",2019,683,819,575,847,"NM",3241,2464,777,2096829,0.15,0.12,0.04
"New Mexico",2019,683,819,575,847,"NM",3241,2464,777,2096829,0.15,0.12,0.04
"New Mexico",2019,683,819,575,847,"NM",3241,2464,777,2096829,0.15,0.12,0.04
"New York",2015,1122,1180,1091,1173,"NY",88250,36135,52115,19654666,0.45,0.18,0.27
"New York",2015,1122,1180,1091,1173,"NY",88250,36135,52115,19654666,0.45,0.18,0.27
"New York",2015,1122,1180,1091,1173,"NY",88250,36135,52115,19654666,0.45,0.18,0.27
"New York",2016,1148,1196,1115,1194,"NY",86352,35315,51037,19633428,0.44,0.18,0.26
"New York",2016,1148,1196,1115,1194,"NY",86352,35315,51037,19633428,0.44,0.18,0.26
"New York",2016,1148,1196,1115,1194,"NY",86352,35315,51037,19633428,0.44,0.18,0.26
"New York",2017,1177,1223,1158,1226,"NY",89503,37390,52113,19589572,0.46,0.19,0.27
"New York",2017,1177,1223,1158,1226,"NY",89503,37390,52113,19589572,0.46,0.19,0.27
"New York",2017,1177,1223,1158,1226,"NY",89503,37390,52113,19589572,0.46,0.19,0.27
"New York",2018,1208,1281,1198,1274,"NY",91897,39827,52070,19530351,0.47,0.2,0.27
"New York",2018,1208,1281,1198,1274,"NY",91897,39827,52070,19530351,0.47,0.2,0.27
"New York",2018,1208,1281,1198,1274,"NY",91897,39827,52070,19530351,0.47,0.2,0.27
"New York",2019,1248,1320,1218,1309,"NY",92091,42113,49978,19453561,0.47,0.22,0.26
"New York",2019,1248,1320,1218,1309,"NY",92091,42113,49978,19453561,0.47,0.22,0.26
"New York",2019,1248,1320,1218,1309,"NY",92091,42113,49978,19453561,0.47,0.22,0.26
"North Carolina",2015,692,774,744,827,"NC",10685,7156,3529,10031646,0.11,0.07,0.04
"North Carolina",2015,692,774,744,827,"NC",10685,7156,3529,10031646,0.11,0.07,0.04
"North Carolina",2015,692,774,744,827,"NC",10685,7156,3529,10031646,0.11,0.07,0.04
"North Carolina",2016,734,779,727,839,"NC",9559,6396,3163,10154788,0.09,0.06,0.03
"North Carolina",2016,734,779,727,839,"NC",9559,6396,3163,10154788,0.09,0.06,0.03
"North Carolina",2016,734,779,727,839,"NC",9559,6396,3163,10154788,0.09,0.06,0.03
"North Carolina",2017,760,810,745,861,"NC",8962,6044,2918,10268233,0.09,0.06,0.03
"North Carolina",2017,760,810,745,861,"NC",8962,6044,2918,10268233,0.09,0.06,0.03
"North Carolina",2017,760,810,745,861,"NC",8962,6044,2918,10268233,0.09,0.06,0.03
"North Carolina",2018,801,846,765,900,"NC",9268,6451,2817,10381615,0.09,0.06,0.03
"North Carolina",2018,801,846,765,900,"NC",9268,6451,2817,10381615,0.09,0.06,0.03
"North Carolina",2018,801,846,765,900,"NC",9268,6451,2817,10381615,0.09,0.06,0.03
"North Carolina",2019,853,878,732,931,"NC",9314,6867,2447,10488084,0.09,0.07,0.02
"North Carolina",2019,853,878,732,931,"NC",9314,6867,2447,10488084,0.09,0.07,0.02
"North Carolina",2019,853,878,732,931,"NC",9314,6867,2447,10488084,0.09,0.07,0.02
"North Dakota",2015,594,774,657,775,"ND",1305,864,441,754066,0.17,0.11,0.06
"North Dakota",2015,594,774,657,775,"ND",1305,864,441,754066,0.17,0.11,0.06
"North Dakota",2015,594,774,657,775,"ND",1305,864,441,754066,0.17,0.11,0.06
"North Dakota",2016,631,787,540,776,"ND",923,662,261,754434,0.12,0.09,0.03
"North Dakota",2016,631,787,540,776,"ND",923,662,261,754434,0.12,0.09,0.03
"North Dakota",2016,631,787,540,776,"ND",923,662,261,754434,0.12,0.09,0.03
"North Dakota",2017,637,790,618,785,"ND",1089,832,257,754942,0.14,0.11,0.03
"North Dakota",2017,637,790,618,785,"ND",1089,832,257,754942,0.14,0.11,0.03
"North Dakota",2017,637,790,618,785,"ND",1089,832,257,754942,0.14,0.11,0.03
"North Dakota",2018,723,786,661,808,"ND",542,467,75,758080,0.07,0.06,0.01
"North Dakota",2018,723,786,661,808,"ND",542,467,75,758080,0.07,0.06,0.01
"North Dakota",2018,723,786,661,808,"ND",542,467,75,758080,0.07,0.06,0.01
"North Dakota",2019,668,815,658,804,"ND",557,377,180,762062,0.07,0.05,0.02
"North Dakota",2019,668,815,658,804,"ND",557,377,180,762062,0.07,0.05,0.02
"North Dakota",2019,668,815,658,804,"ND",557,377,180,762062,0.07,0.05,0.02
"Ohio",2015,586,754,537,746,"OH",11182,7565,3617,11617527,0.1,0.07,0.03
"Ohio",2015,586,754,537,746,"OH",11182,7565,3617,11617527,0.1,0.07,0.03
"Ohio",2015,586,754,537,746,"OH",11182,7565,3617,11617527,0.1,0.07,0.03
"Ohio",2016,587,767,570,759,"OH",10404,6946,3458,11634370,0.09,0.06,0.03
"Ohio",2016,587,767,570,759,"OH",10404,6946,3458,11634370,0.09,0.06,0.03
"Ohio",2016,587,767,570,759,"OH",10404,6946,3458,11634370,0.09,0.06,0.03
"Ohio",2017,604,779,569,772,"OH",10095,6688,3407,11659650,0.09,0.06,0.03
"Ohio",2017,604,779,569,772,"OH",10095,6688,3407,11659650,0.09,0.06,0.03
"Ohio",2017,604,779,569,772,"OH",10095,6688,3407,11659650,0.09,0.06,0.03
"Ohio",2018,625,810,605,797,"OH",10249,6929,3320,11676341,0.09,0.06,0.03
"Ohio",2018,625,810,605,797,"OH",10249,6929,3320,11676341,0.09,0.06,0.03
"Ohio",2018,625,810,605,797,"OH",10249,6929,3320,11676341,0.09,0.06,0.03
"Ohio",2019,650,824,614,813,"OH",10345,7041,3304,11689100,0.09,0.06,0.03
"Ohio",2019,650,824,614,813,"OH",10345,7041,3304,11689100,0.09,0.06,0.03
"Ohio",2019,650,824,614,813,"OH",10345,7041,3304,11689100,0.09,0.06,0.03
"Oklahoma",2015,602,742,561,759,"OK",3777,2781,996,3909500,0.1,0.07,0.03
"Oklahoma",2015,602,742,561,759,"OK",3777,2781,996,3909500,0.1,0.07,0.03
"Oklahoma",2015,602,742,561,759,"OK",3777,2781,996,3909500,0.1,0.07,0.03
"Oklahoma",2016,606,734,544,744,"OK",4107,2997,1110,3926331,0.1,0.08,0.03
"Oklahoma",2016,606,734,544,744,"OK",4107,2997,1110,3926331,0.1,0.08,0.03
"Oklahoma",2016,606,734,544,744,"OK",4107,2997,1110,3926331,0.1,0.08,0.03
"Oklahoma",2017,628,770,607,780,"OK",4199,2824,1375,3931316,0.11,0.07,0.03
"Oklahoma",2017,628,770,607,780,"OK",4199,2824,1375,3931316,0.11,0.07,0.03
"Oklahoma",2017,628,770,607,780,"OK",4199,2824,1375,3931316,0.11,0.07,0.03
"Oklahoma",2018,637,798,611,808,"OK",3871,2823,1048,3940235,0.1,0.07,0.03
"Oklahoma",2018,637,798,611,808,"OK",3871,2823,1048,3940235,0.1,0.07,0.03
"Oklahoma",2018,637,798,611,808,"OK",3871,2823,1048,3940235,0.1,0.07,0.03
"Oklahoma",2019,641,793,607,814,"OK",3944,3063,881,3956971,0.1,0.08,0.02
"Oklahoma",2019,641,793,607,814,"OK",3944,3063,881,3956971,0.1,0.08,0.02
"Oklahoma",2019,641,793,607,814,"OK",3944,3063,881,3956971,0.1,0.08,0.02
"Oregon",2015,781,904,747,943,"OR",13226,9461,3765,4015792,0.33,0.24,0.09
"Oregon",2015,781,904,747,943,"OR",13226,9461,3765,4015792,0.33,0.24,0.09
"Oregon",2015,781,904,747,943,"OR",13226,9461,3765,4015792,0.33,0.24,0.09
"Oregon",2016,848,975,825,1015,"OR",13238,9379,3859,4089976,0.32,0.23,0.09
"Oregon",2016,848,975,825,1015,"OR",13238,9379,3859,4089976,0.32,0.23,0.09
"Oregon",2016,848,975,825,1015,"OR",13238,9379,3859,4089976,0.32,0.23,0.09
"Oregon",2017,890,1043,858,1079,"OR",13953,10434,3519,4143625,0.34,0.25,0.08
"Oregon",2017,890,1043,858,1079,"OR",13953,10434,3519,4143625,0.34,0.25,0.08
"Oregon",2017,890,1043,858,1079,"OR",13953,10434,3519,4143625,0.34,0.25,0.08
"Oregon",2018,931,1118,881,1130,"OR",14476,11139,3337,4181886,0.35,0.27,0.08
"Oregon",2018,931,1118,881,1130,"OR",14476,11139,3337,4181886,0.35,0.27,0.08
"Oregon",2018,931,1118,881,1130,"OR",14476,11139,3337,4181886,0.35,0.27,0.08
"Oregon",2019,998,1164,1017,1185,"OR",15876,12354,3522,4217737,0.38,0.29,0.08
"Oregon",2019,998,1164,1017,1185,"OR",15876,12354,3522,4217737,0.38,0.29,0.08
"Oregon",2019,998,1164,1017,1185,"OR",15876,12354,3522,4217737,0.38,0.29,0.08
"Pennsylvania",2015,720,893,666,868,"PA",15421,8605,6816,12784826,0.12,0.07,0.05
"Pennsylvania",2015,720,893,666,868,"PA",15421,8605,6816,12784826,0.12,0.07,0.05
"Pennsylvania",2015,720,893,666,868,"PA",15421,8605,6816,12784826,0.12,0.07,0.05
"Pennsylvania",2016,744,906,699,881,"PA",15339,8599,6740,12782275,0.12,0.07,0.05
"Pennsylvania",2016,744,906,699,881,"PA",15339,8599,6740,12782275,0.12,0.07,0.05
"Pennsylvania",2016,744,906,699,881,"PA",15339,8599,6740,12782275,0.12,0.07,0.05
"Pennsylvania",2017,757,915,755,893,"PA",14138,8271,5867,12787641,0.11,0.06,0.05
"Pennsylvania",2017,757,915,755,893,"PA",14138,8271,5867,12787641,0.11,0.06,0.05
"Pennsylvania",2017,757,915,755,893,"PA",14138,8271,5867,12787641,0.11,0.06,0.05
"Pennsylvania",2018,776,962,732,927,"PA",13512,8163,5349,12800922,0.11,0.06,0.04
"Pennsylvania",2018,776,962,732,927,"PA",13512,8163,5349,12800922,0.11,0.06,0.04
"Pennsylvania",2018,776,962,732,927,"PA",13512,8163,5349,12800922,0.11,0.06,0.04
"Pennsylvania",2019,805,971,762,951,"PA",13199,8426,4773,12801989,0.1,0.07,0.04
"Pennsylvania",2019,805,971,762,951,"PA",13199,8426,4773,12801989,0.1,0.07,0.04
"Pennsylvania",2019,805,971,762,951,"PA",13199,8426,4773,12801989,0.1,0.07,0.04
"Rhode Island",2015,710,968,642,938,"RI",1111,706,405,1056065,0.11,0.07,0.04
"Rhode Island",2015,710,968,642,938,"RI",1111,706,405,1056065,0.11,0.07,0.04
"Rhode Island",2015,710,968,642,938,"RI",1111,706,405,1056065,0.11,0.07,0.04
"Rhode Island",2016,761,988,677,948,"RI",1160,859,301,1056770,0.11,0.08,0.03
"Rhode Island",2016,761,988,677,948,"RI",1160,859,301,1056770,0.11,0.08,0.03
"Rhode Island",2016,761,988,677,948,"RI",1160,859,301,1056770,0.11,0.08,0.03
"Rhode Island",2017,715,1000,629,941,"RI",1180,802,378,1055673,0.11,0.08,0.04
"Rhode Island",2017,715,1000,629,941,"RI",1180,802,378,1055673,0.11,0.08,0.04
"Rhode Island",2017,715,1000,629,941,"RI",1180,802,378,1055673,0.11,0.08,0.04
"Rhode Island",2018,768,1065,725,998,"RI",1101,747,354,1058287,0.1,0.07,0.03
"Rhode Island",2018,768,1065,725,998,"RI",1101,747,354,1058287,0.1,0.07,0.03
"Rhode Island",2018,768,1065,725,998,"RI",1101,747,354,1058287,0.1,0.07,0.03
"Rhode Island",2019,845,1090,798,1043,"RI",1055,730,325,1059361,0.1,0.07,0.03
"Rhode Island",2019,845,1090,798,1043,"RI",1055,730,325,1059361,0.1,0.07,0.03
"Rhode Island",2019,845,1090,798,1043,"RI",1055,730,325,1059361,0.1,0.07,0.03
"South Carolina",2015,655,783,668,819,"SC",5354,3934,1420,4891938,0.11,0.08,0.03
"South Carolina",2015,655,783,668,819,"SC",5354,3934,1420,4891938,0.11,0.08,0.03
"South Carolina",2015,655,783,668,819,"SC",5354,3934,1420,4891938,0.11,0.08,0.03
"South Carolina",2016,689,799,731,841,"SC",5051,3758,1293,4957968,0.1,0.08,0.03
"South Carolina",2016,689,799,731,841,"SC",5051,3758,1293,4957968,0.1,0.08,0.03
"South Carolina",2016,689,799,731,841,"SC",5051,3758,1293,4957968,0.1,0.08,0.03
"South Carolina",2017,727,822,696,848,"SC",3916,2896,1020,5021268,0.08,0.06,0.02
"South Carolina",2017,727,822,696,848,"SC",3916,2896,1020,5021268,0.08,0.06,0.02
"South Carolina",2017,727,822,696,848,"SC",3916,2896,1020,5021268,0.08,0.06,0.02
"South Carolina",2018,778,839,737,892,"SC",3933,3082,851,5084156,0.08,0.06,0.02
"South Carolina",2018,778,839,737,892,"SC",3933,3082,851,5084156,0.08,0.06,0.02
"South Carolina",2018,778,839,737,892,"SC",3933,3082,851,5084156,0.08,0.06,0.02
"South Carolina",2019,827,879,667,922,"SC",4172,3318,854,5148714,0.08,0.06,0.02
"South Carolina",2019,827,879,667,922,"SC",4172,3318,854,5148714,0.08,0.06,0.02
"South Carolina",2019,827,879,667,922,"SC",4172,3318,854,5148714,0.08,0.06,0.02
"South Dakota",2015,532,692,423,675,"SD",1036,630,406,853988,0.12,0.07,0.05
"South Dakota",2015,532,692,423,675,"SD",1036,630,406,853988,0.12,0.07,0.05
"South Dakota",2015,532,692,423,675,"SD",1036,630,406,853988,0.12,0.07,0.05
"South Dakota",2016,512,758,559,706,"SD",1072,548,524,862996,0.12,0.06,0.06
"South Dakota",2016,512,758,559,706,"SD",1072,548,524,862996,0.12,0.06,0.06
"South Dakota",2016,512,758,559,706,"SD",1072,548,524,862996,0.12,0.06,0.06
"South Dakota",2017,556,752,575,722,"SD",943,611,332,872868,0.11,0.07,0.04
"South Dakota",2017,556,752,575,722,"SD",943,611,332,872868,0.11,0.07,0.04
"South Dakota",2017,556,752,575,722,"SD",943,611,332,872868,0.11,0.07,0.04
"South Dakota",2018,564,755,563,734,"SD",1159,836,323,878698,0.13,0.1,0.04
"South Dakota",2018,564,755,563,734,"SD",1159,836,323,878698,0.13,0.1,0.04
"South Dakota",2018,564,755,563,734,"SD",1159,836,323,878698,0.13,0.1,0.04
"South Dakota",2019,600,790,592,769,"SD",995,725,270,884659,0.11,0.08,0.03
"South Dakota",2019,600,790,592,769,"SD",995,725,270,884659,0.11,0.08,0.03
"South Dakota",2019,600,790,592,769,"SD",995,725,270,884659,0.11,0.08,0.03
"Tennessee",2015,632,755,577,785,"TN",9123,6516,2607,6591170,0.14,0.1,0.04
"Tennessee",2015,632,755,577,785,"TN",9123,6516,2607,6591170,0.14,0.1,0.04
"Tennessee",2015,632,755,577,785,"TN",9123,6516,2607,6591170,0.14,0.1,0.04
"Tennessee",2016,668,779,642,806,"TN",8779,6652,2127,6646010,0.13,0.1,0.03
"Tennessee",2016,668,779,642,806,"TN",8779,6652,2127,6646010,0.13,0.1,0.03
"Tennessee",2016,668,779,642,806,"TN",8779,6652,2127,6646010,0.13,0.1,0.03
"Tennessee",2017,683,787,669,833,"TN",8309,6137,2172,6708799,0.12,0.09,0.03
"Tennessee",2017,683,787,669,833,"TN",8309,6137,2172,6708799,0.12,0.09,0.03
"Tennessee",2017,683,787,669,833,"TN",8309,6137,2172,6708799,0.12,0.09,0.03
"Tennessee",2018,716,828,745,861,"TN",7883,6139,1744,6771631,0.12,0.09,0.03
"Tennessee",2018,716,828,745,861,"TN",7883,6139,1744,6771631,0.12,0.09,0.03
"Tennessee",2018,716,828,745,861,"TN",7883,6139,1744,6771631,0.12,0.09,0.03
"Tennessee",2019,780,866,746,904,"TN",7467,5637,1830,6829174,0.11,0.08,0.03
"Tennessee",2019,780,866,746,904,"TN",7467,5637,1830,6829174,0.11,0.08,0.03
"Tennessee",2019,780,866,746,904,"TN",7467,5637,1830,6829174,0.11,0.08,0.03
"Texas",2015,792,919,740,932,"TX",23678,16265,7413,27470056,0.09,0.06,0.03
"Texas",2015,792,919,740,932,"TX",23678,16265,7413,27470056,0.09,0.06,0.03
"Texas",2015,792,919,740,932,"TX",23678,16265,7413,27470056,0.09,0.06,0.03
"Texas",2016,832,939,779,956,"TX",23122,15959,7163,27914410,0.08,0.06,0.03
"Texas",2016,832,939,779,956,"TX",23122,15959,7163,27914410,0.08,0.06,0.03
"Texas",2016,832,939,779,956,"TX",23122,15959,7163,27914410,0.08,0.06,0.03
"Texas",2017,863,973,788,987,"TX",23548,16708,6840,28295273,0.08,0.06,0.02
"Texas",2017,863,973,788,987,"TX",23548,16708,6840,28295273,0.08,0.06,0.02
"Texas",2017,863,973,788,987,"TX",23548,16708,6840,28295273,0.08,0.06,0.02
"Texas",2018,914,1040,845,1046,"TX",25310,19199,6111,28628666,0.09,0.07,0.02
"Texas",2018,914,1040,845,1046,"TX",25310,19199,6111,28628666,0.09,0.07,0.02
"Texas",2018,914,1040,845,1046,"TX",25310,19199,6111,28628666,0.09,0.07,0.02
"Texas",2019,954,1083,900,1091,"TX",25848,19611,6237,28995881,0.09,0.07,0.02
"Texas",2019,954,1083,900,1091,"TX",25848,19611,6237,28995881,0.09,0.07,0.02
"Texas",2019,954,1083,900,1091,"TX",25848,19611,6237,28995881,0.09,0.07,0.02
"Utah",2015,750,857,580,925,"UT",3025,1809,1216,2981835,0.1,0.06,0.04
"Utah",2015,750,857,580,925,"UT",3025,1809,1216,2981835,0.1,0.06,0.04
"Utah",2015,750,857,580,925,"UT",3025,1809,1216,2981835,0.1,0.06,0.04
"Utah",2016,764,893,734,954,"UT",2807,1828,979,3041868,0.09,0.06,0.03
"Utah",2016,764,893,734,954,"UT",2807,1828,979,3041868,0.09,0.06,0.03
"Utah",2016,764,893,734,954,"UT",2807,1828,979,3041868,0.09,0.06,0.03
"Utah",2017,804,920,684,986,"UT",2852,1882,970,3101042,0.09,0.06,0.03
"Utah",2017,804,920,684,986,"UT",2852,1882,970,3101042,0.09,0.06,0.03
"Utah",2017,804,920,684,986,"UT",2852,1882,970,3101042,0.09,0.06,0.03
"Utah",2018,845,959,789,1043,"UT",2876,1904,972,3153550,0.09,0.06,0.03
"Utah",2018,845,959,789,1043,"UT",2876,1904,972,3153550,0.09,0.06,0.03
"Utah",2018,845,959,789,1043,"UT",2876,1904,972,3153550,0.09,0.06,0.03
"Utah",2019,922,1055,835,1098,"UT",2798,1921,877,3205958,0.09,0.06,0.03
"Utah",2019,922,1055,835,1098,"UT",2798,1921,877,3205958,0.09,0.06,0.03
"Utah",2019,922,1055,835,1098,"UT",2798,1921,877,3205958,0.09,0.06,0.03
"Vermont",2015,778,1041,640,923,"VT",1523,910,613,625216,0.24,0.15,0.1
"Vermont",2015,778,1041,640,923,"VT",1523,910,613,625216,0.24,0.15,0.1
"Vermont",2015,778,1041,640,923,"VT",1523,910,613,625216,0.24,0.15,0.1
"Vermont",2016,765,1023,745,925,"VT",1117,655,462,623657,0.18,0.11,0.07
"Vermont",2016,765,1023,745,925,"VT",1117,655,462,623657,0.18,0.11,0.07
"Vermont",2016,765,1023,745,925,"VT",1117,655,462,623657,0.18,0.11,0.07
"Vermont",2017,761,1078,683,950,"VT",1225,697,528,624344,0.2,0.11,0.08
"Vermont",2017,761,1078,683,950,"VT",1225,697,528,624344,0.2,0.11,0.08
"Vermont",2017,761,1078,683,950,"VT",1225,697,528,624344,0.2,0.11,0.08
"Vermont",2018,797,1131,706,969,"VT",1291,780,511,624358,0.21,0.12,0.08
"Vermont",2018,797,1131,706,969,"VT",1291,780,511,624358,0.21,0.12,0.08
"Vermont",2018,797,1131,706,969,"VT",1291,780,511,624358,0.21,0.12,0.08
"Vermont",2019,825,1127,794,980,"VT",1089,681,408,623989,0.17,0.11,0.07
"Vermont",2019,825,1127,794,980,"VT",1089,681,408,623989,0.17,0.11,0.07
"Vermont",2019,825,1127,794,980,"VT",1089,681,408,623989,0.17,0.11,0.07
"Virginia",2015,991,1064,1001,1144,"VA",7001,4190,2811,8361808,0.08,0.05,0.03
"Virginia",2015,991,1064,1001,1144,"VA",7001,4190,2811,8361808,0.08,0.05,0.03
"Virginia",2015,991,1064,1001,1144,"VA",7001,4190,2811,8361808,0.08,0.05,0.03
"Virginia",2016,1024,1064,1081,1159,"VA",6268,3959,2309,8410106,0.07,0.05,0.03
"Virginia",2016,1024,1064,1081,1159,"VA",6268,3959,2309,8410106,0.07,0.05,0.03
"Virginia",2016,1024,1064,1081,1159,"VA",6268,3959,2309,8410106,0.07,0.05,0.03
"Virginia",2017,1063,1074,1087,1179,"VA",6067,4028,2039,8463587,0.07,0.05,0.02
"Virginia",2017,1063,1074,1087,1179,"VA",6067,4028,2039,8463587,0.07,0.05,0.02
"Virginia",2017,1063,1074,1087,1179,"VA",6067,4028,2039,8463587,0.07,0.05,0.02
"Virginia",2018,1131,1126,1112,1215,"VA",5975,3928,2047,8501286,0.07,0.05,0.02
"Virginia",2018,1131,1126,1112,1215,"VA",5975,3928,2047,8501286,0.07,0.05,0.02
"Virginia",2018,1131,1126,1112,1215,"VA",5975,3928,2047,8501286,0.07,0.05,0.02
"Virginia",2019,1153,1172,1264,1254,"VA",5783,3666,2117,8535519,0.07,0.04,0.02
"Virginia",2019,1153,1172,1264,1254,"VA",5783,3666,2117,8535519,0.07,0.04,0.02
"Virginia",2019,1153,1172,1264,1254,"VA",5783,3666,2117,8535519,0.07,0.04,0.02
"Washington",2015,872,1031,872,1080,"WA",19419,12526,6893,7163657,0.27,0.17,0.1
"Washington",2015,872,1031,872,1080,"WA",19419,12526,6893,7163657,0.27,0.17,0.1
"Washington",2015,872,1031,872,1080,"WA",19419,12526,6893,7163657,0.27,0.17,0.1
"Washington",2016,953,1088,944,1135,"WA",20827,13900,6927,7294771,0.29,0.19,0.09
"Washington",2016,953,1088,944,1135,"WA",20827,13900,6927,7294771,0.29,0.19,0.09
"Washington",2016,953,1088,944,1135,"WA",20827,13900,6927,7294771,0.29,0.19,0.09
"Washington",2017,1030,1180,1066,1216,"WA",21112,14781,6331,7423362,0.28,0.2,0.09
"Washington",2017,1030,1180,1066,1216,"WA",21112,14781,6331,7423362,0.28,0.2,0.09
"Washington",2017,1030,1180,1066,1216,"WA",21112,14781,6331,7423362,0.28,0.2,0.09
"Washington",2018,1149,1259,1134,1316,"WA",22304,16424,5880,7523869,0.3,0.22,0.08
"Washington",2018,1149,1259,1134,1316,"WA",22304,16424,5880,7523869,0.3,0.22,0.08
"Washington",2018,1149,1259,1134,1316,"WA",22304,16424,5880,7523869,0.3,0.22,0.08
"Washington",2019,1190,1336,1171,1359,"WA",21577,15985,5592,7614893,0.28,0.21,0.07
"Washington",2019,1190,1336,1171,1359,"WA",21577,15985,5592,7614893,0.28,0.21,0.07
"Washington",2019,1190,1336,1171,1359,"WA",21577,15985,5592,7614893,0.28,0.21,0.07
"West Virginia",2015,495,670,754,675,"WV",1835,1414,421,1842050,0.1,0.08,0.02
"West Virginia",2015,495,670,754,675,"WV",1835,1414,421,1842050,0.1,0.08,0.02
"West Virginia",2015,495,670,754,675,"WV",1835,1414,421,1842050,0.1,0.08,0.02
"West Virginia",2016,515,672,595,682,"WV",1387,1039,348,1831023,0.08,0.06,0.02
"West Virginia",2016,515,672,595,682,"WV",1387,1039,348,1831023,0.08,0.06,0.02
"West Virginia",2016,515,672,595,682,"WV",1387,1039,348,1831023,0.08,0.06,0.02
"West Virginia",2017,515,691,434,690,"WV",1309,1032,277,1817004,0.07,0.06,0.02
"West Virginia",2017,515,691,434,690,"WV",1309,1032,277,1817004,0.07,0.06,0.02
"West Virginia",2017,515,691,434,690,"WV",1309,1032,277,1817004,0.07,0.06,0.02
"West Virginia",2018,557,723,667,735,"WV",1243,1021,222,1804291,0.07,0.06,0.01
"West Virginia",2018,557,723,667,735,"WV",1243,1021,222,1804291,0.07,0.06,0.01
"West Virginia",2018,557,723,667,735,"WV",1243,1021,222,1804291,0.07,0.06,0.01
"West Virginia",2019,540,739,539,727,"WV",1397,1149,248,1792147,0.08,0.06,0.01
"West Virginia",2019,540,739,539,727,"WV",1397,1149,248,1792147,0.08,0.06,0.01
"West Virginia",2019,540,739,539,727,"WV",1397,1149,248,1792147,0.08,0.06,0.01
"Wisconsin",2015,633,810,607,792,"WI",6057,2992,3065,5760940,0.11,0.05,0.05
"Wisconsin",2015,633,810,607,792,"WI",6057,2992,3065,5760940,0.11,0.05,0.05
"Wisconsin",2015,633,810,607,792,"WI",6057,2992,3065,5760940,0.11,0.05,0.05
"Wisconsin",2016,658,808,607,802,"WI",5685,2886,2799,5772628,0.1,0.05,0.05
"Wisconsin",2016,658,808,607,802,"WI",5685,2886,2799,5772628,0.1,0.05,0.05
"Wisconsin",2016,658,808,607,802,"WI",5685,2886,2799,5772628,0.1,0.05,0.05
"Wisconsin",2017,658,830,646,819,"WI",5027,2645,2382,5790186,0.09,0.05,0.04
"Wisconsin",2017,658,830,646,819,"WI",5027,2645,2382,5790186,0.09,0.05,0.04
"Wisconsin",2017,658,830,646,819,"WI",5027,2645,2382,5790186,0.09,0.05,0.04
"Wisconsin",2018,688,860,647,847,"WI",4907,2740,2167,5807406,0.08,0.05,0.04
"Wisconsin",2018,688,860,647,847,"WI",4907,2740,2167,5807406,0.08,0.05,0.04
"Wisconsin",2018,688,860,647,847,"WI",4907,2740,2167,5807406,0.08,0.05,0.04
"Wisconsin",2019,706,881,727,867,"WI",4538,2545,1993,5822434,0.08,0.04,0.03
"Wisconsin",2019,706,881,727,867,"WI",4538,2545,1993,5822434,0.08,0.04,0.03
"Wisconsin",2019,706,881,727,867,"WI",4538,2545,1993,5822434,0.08,0.04,0.03
"Wyoming",2015,604,747,607,815,"WY",798,500,298,585613,0.14,0.09,0.05
"Wyoming",2015,604,747,607,815,"WY",798,500,298,585613,0.14,0.09,0.05
"Wyoming",2015,604,747,607,815,"WY",798,500,298,585613,0.14,0.09,0.05
"Wyoming",2016,644,785,631,840,"WY",857,517,340,584215,0.15,0.09,0.06
"Wyoming",2016,644,785,631,840,"WY",857,517,340,584215,0.15,0.09,0.06
"Wyoming",2016,644,785,631,840,"WY",857,517,340,584215,0.15,0.09,0.06
"Wyoming",2017,634,785,598,832,"WY",873,622,251,578931,0.15,0.11,0.04
"Wyoming",2017,634,785,598,832,"WY",873,622,251,578931,0.15,0.11,0.04
"Wyoming",2017,634,785,598,832,"WY",873,622,251,578931,0.15,0.11,0.04
"Wyoming",2018,605,785,725,818,"WY",639,434,205,577601,0.11,0.08,0.04
"Wyoming",2018,605,785,725,818,"WY",639,434,205,577601,0.11,0.08,0.04
"Wyoming",2018,605,785,725,818,"WY",639,434,205,577601,0.11,0.08,0.04
"Wyoming",2019,611,800,411,822,"WY",548,437,111,578759,0.09,0.08,0.02
"Wyoming",2019,611,800,411,822,"WY",548,437,111,578759,0.09,0.08,0.02
"Wyoming",2019,611,800,411,822,"WY",548,437,111,578759,0.09,0.08,0.02
